id,date_utc,format,video_id,privacy,template,source,score,title
short_20260924-123025,2026-09-24 12:31,short,CJ19ZDJ102k,public,caught,bank,,He really thought chocolate sunscreen would work 😭
short_20260924-173723,2026-09-24 17:38,short,SO3ZcE-QgKc,public,plot_twist,gemini,7.0,This 'Exam Leak' is not what it seems 💀
long_20260924-201642,2026-09-24 20:20,long,SIdMfakh4hY,public,dexs_terrible_ideas,gemini,6.0,Dex Opens A Fake High School Diploma Store 🎓
short_20260925-010130,2026-09-25 01:04,short,mi4CTkbvDPc,public,caught,gemini,6.0,Mom just hit me with a Pro-Gamer Move 💀
short_20260925-175433,2026-09-25 17:58,short,Sh9Rj7DzEGM,public,types_of_people,gemini,6.0,When the rent is due but you’re broke 😭
short_20260925-212811,2026-09-25 21:32,short,nN5OXSAItEE,public,expectation_reality,gemini,6.0,Dex's 5-Minute Fitness Scam 😭
short_20260926-130823,2026-09-26 13:13,short,23PGWCqnvmQ,public,types_of_people,gemini,6.0,Types of people when the WiFi suddenly dies 😭
short_20260926-160826,2026-09-26 16:13,short,Bj1oGjSaV3I,public,expectation_reality,gemini,6.0,Dex's Report Card Hack Did NOT Work 💀
long_20260926-170413,2026-09-26 17:14,long,uKp_lUAhZvc,public,growing_up_with_mama_rose,gemini,6.0,Dex Meets Nia's Dad (HUGE MISTAKE) 💀
short_20260926-190806,2026-09-26 19:10,short,fyt2YQm9PA0,public,types_of_people,gemini,6.0,When the restaurant bill finally arrives 😭
short_20260926-220828,2026-09-26 22:11,short,IIMCM2pNsGs,public,caught,gemini,5.0,Dex's 'Invisible Brother' Lie Failed 💀
short_20260927-130841,2026-09-27 13:14,short,EieEQhkNz60,public,plot_twist,gemini,6.0,He thought they threw him a surprise party... 💀
short_20260927-160803,2026-09-27 16:12,short,p1IX9tAOJpQ,public,expectation_reality,gemini,6.0,Dex's Job Interview Strategy Went HORRIBLY Wrong 💀
short_20260927-200806,2026-09-27 20:12,short,KCrmeNF1wqU,public,mom_logic,gemini,6.0,She locked the Thanksgiving turkey in a safe 😭
short_20260927-220854,2026-09-27 22:12,short,VTmRwcYSliU,public,plot_twist,gemini,6.0,Dex Got Stuck In The Worst Traffic Ever 💀
short_20260928-130830,2026-09-28 13:20,short,Iet6NaCtI8A,public,mom_logic,gemini,6.0,Mama Rose's Strict 'No Homework' Rule 💀
short_20260928-160817,2026-09-28 16:18,short,VXeluVuoggU,public,expectation_reality,bank,,Abs by Friday? The pink weight had other plans 💀
short_20260928-200605,2026-09-28 20:11,short,cnb30U_9aFo,public,mom_logic,gemini,6.0,Mama Rose’s Medical Logic is Terrifying 💀
short_20260928-220827,2026-09-28 22:11,short,oqbWD2QxLJY,public,types_of_people,gemini,7.0,Types of Gamers be like 😭
short_20260929-130828,2026-09-29 13:12,short,vRDc3Rq9GbE,public,plot_twist,gemini,6.0,When you try to pay rent in bubblegum 💀
short_20260929-160812,2026-09-29 16:11,short,2vIXbE6lwNc,public,mom_logic,gemini,6.0,Mama Rose cuts hair at home 💀
long_20260929-170826,2026-09-29 17:13,long,0wiT-CJGCG4,public,big_tonys_business_lessons,gemini,7.0,Big Tony's All-Bubblegum Diet Went HORRIBLY Wrong 💀
short_20260929-200805,2026-09-29 20:11,short,pVkbHwsy7Ww,public,plot_twist,gemini,6.0,He sold his house for WHAT?! 💀
short_20260929-220832,2026-09-29 22:10,short,3umgZh0qrOs,public,caught,gemini,6.0,When you try to pay for groceries with vibes 😭
short_20260930-130839,2026-09-30 13:12,short,2hFJueCx25U,public,mom_logic,gemini,6.0,Mama Rose's Golden Rule of Online Shopping 😭
short_20260930-160917,2026-09-30 16:12,short,dpyJyAz86Hw,public,caught,gemini,5.0,He tried to pay the bill with WHAT?! 💀
short_20260930-200929,2026-09-30 20:11,short,2g755Wlfxaw,public,types_of_people,gemini,7.0,Types of People Panic Cleaning 😭
short_20260930-220809,2026-09-30 22:10,short,6EVPQ9omIqY,public,plot_twist,gemini,6.0,His dream vacation went horribly wrong 😭
short_20261001-130809,2026-10-01 13:12,short,gcd3vQjtYFg,public,mom_logic,gemini,6.0,Mama Rose's birthday rules are getting out of hand 💀
short_20261001-161631,2026-10-01 16:20,short,vFgSYAi7NSU,public,types_of_people,gemini,7.0,Sibling fights are a different level of crazy 💀
long_20261001-172044,2026-10-01 17:28,long,CJxiy-SwluE,public,dexs_terrible_ideas,gemini,6.0,He really thought he could surprise HER 💀
short_20261001-200947,2026-10-01 20:16,short,rlh46d1sKas,public,expectation_reality,gemini,6.0,His DIY wedding plan went HORRIBLY wrong 💀
short_20261001-221819,2026-10-01 22:21,short,jIYUgWO8g2w,public,types_of_people,gemini,6.0,Mama Rose turned the gym into a chore 💀
short_20261002-130829,2026-10-02 13:15,short,LpuGdVmfRgo,public,caught,gemini,6.0,Dex's homework excuse backfired HARD 😭
short_20261002-160828,2026-10-02 16:14,short,-Nq2ZhtwnmI,public,expectation_reality,gemini,6.0,He tried to be the boss but became a dog toy 😭
short_20261002-200817,2026-10-02 20:15,short,NKm7bDJxp8A,public,plot_twist,gemini,6.0,He took phone addiction to a whole new level 💀
short_20261002-220811,2026-10-02 22:18,short,AzPjLL7V3k0,public,expectation_reality,gemini,6.0,He thought babysitting would be EASY money 😭
short_20261003-130805,2026-10-03 13:10,short,arSEEkNNx-E,public,caught,gemini,6.0,He tried to steal from the WRONG neighbor 💀
short_20261003-160802,2026-10-03 16:09,short,rKwo5MbustQ,public,expectation_reality,gemini,7.0,He thought driving lessons would be easy 😭
long_20261003-170817,2026-10-03 17:14,long,VPEK3Ble610,public,growing_up_with_mama_rose,gemini,6.0,Moving next door is a whole nightmare 😭
short_20261003-200810,2026-10-03 20:10,short,mgSFwS6wc2U,public,types_of_people,gemini,6.0,The absolute worst people to take to the doctor 😭
short_20261003-220814,2026-10-03 22:10,short,vfufQ-XmF08,public,plot_twist,gemini,6.0,His fake traffic excuse went horribly wrong 😭
short_20261005-070951,2026-10-05 07:10,short,dNFRdX5Di7M,public,mom_logic,bank,,Mom logic will never make sense 😂
short_20261005-160812,2026-10-05 16:13,short,e1Ncgg6s04A,public,rules_of,gemini,6.0,Unspoken rules of the school talent show 😭
short_20261005-212604,2026-10-05 21:28,short,e5K2jKEo9lc,public,mom_logic,gemini,7.0,The forbidden school cafeteria pizza 💀
short_20261005-230825,2026-10-05 23:11,short,hOx8wDmaow4,public,rules_of,gemini,6.0,The unspoken rules of the TV remote 😭
short_20261006-130826,2026-10-06 13:11,short,cIVDRqrXDbk,public,sibling_war,gemini,6.0,He tried to confiscate my sandwich during a fire 💀
short_20261006-160828,2026-10-06 16:11,short,lOt4lHPGrj4,public,mom_logic,gemini,5.0,Mama Rose has strict rules about leftovers 😭
short_20261006-220811,2026-10-06 22:14,short,uUPGlauyM4g,public,caught,gemini,6.0,His gourmet food truck business went HORRIBLY wrong 😭
short_20261007-130816,2026-10-07 13:21,short,3jN9yvmyJ6w,public,types_of_people,gemini,6.0,Types of holiday dinner guests are getting wild 💀
short_20261007-170839,2026-10-07 17:16,short,jhasO7GrFN0,public,types_of_people,bank,,Every wedding has THIS guy 😭
short_20261007-222644,2026-10-07 22:38,short,y6Br6bg0ynU,public,rules_of,gemini,6.0,The unspoken rules of a corporate work trip 😭
short_20261008-130805,2026-10-08 16:09,short,oiZ24ucvDq0,public,pov,gemini,6.0,POV: Working from home with your mom around 😭
short_20261008-170805,2026-10-08 17:10,short,34tRmRe4Zdc,public,sibling_war,gemini,7.0,He really tried to negotiate with a bear 💀
short_20261008-220829,2026-10-08 22:13,short,Qsd6GX_fqlo,public,expectation_reality,gemini,6.0,He really thought Grandma's visit was free cash 💀
short_20261009-130829,2026-10-09 13:11,short,7o1IAfQeM7E,public,normal_vs_psycho,gemini,7.0,He tried to DIY his dentist appointment 💀
short_20261009-172711,2026-10-09 17:34,short,3pMQs4G5LTM,public,rules_of,gemini,7.0,Unspoken rules of grocery shopping 😭
short_20261009-220822,2026-10-09 22:10,short,0_86n6Czukk,public,caught,gemini,8.0,He tried to outsmart the self checkout 💀
short_20261010-130819,2026-10-10 13:14,short,uaIzvxDmv5M,public,expectation_reality,gemini,6.0,He really thought he was a rockstar 🎤
long_20261010-170823,2026-10-10 17:17,long,_SJdOqWaRHI,public,big_tonys_business_lessons,gemini,6.0,He tried to sell offline WiFi during a blackout 💀
